BlockGroup,Tract,TotHH,TotAdult,Age18to34,Age35to49,Age50to64,Age65plus,MOS_bg
261635338002,26163533800,305,404,125,83,112,84,1.804182078390641
261635338001,26163533800,309,334,89,94,84,67,1.5053655880913068
261635338003,26163533800,266,341,96,69,97,79,1.521536576407781
261635338004,26163533800,304,366,100,99,127,40,1.6427948638928997
261635339001,26163533900,688,765,348,154,188,75,3.4228024014479144
261635339002,26163533900,698,676,266,103,185,122,3.002967439499115
261635339003,26163533900,941,1134,460,232,287,155,5.072183638211891
261635339004,26163533900,283,342,188,77,44,33,1.5413584543912642
261635341001,26163534100,435,430,107,108,137,78,1.9269597178966151
261635341002,26163534100,692,886,252,213,267,154,3.968933792490682
261635342001,26163534200,764,1076,307,260,296,213,4.8246843525872345
261635342002,26163534200,573,791,249,175,194,173,3.5426226324350507
261635342003,26163534200,295,390,114,84,118,74,1.7420311241669832
261635343001,26163534300,676,820,283,194,207,136,3.679320790734393
261635344001,26163534400,520,689,213,150,207,119,3.079124105768895
261635344002,26163534400,354,446,135,101,121,89,1.99686305920857
261635347001,26163534700,544,764,237,192,180,155,3.43453341600225
261635347002,26163534700,360,563,162,124,164,113,2.516968440345016
261635347003,26163534700,559,887,270,205,250,162,3.9722683964073733
261635348001,26163534800,324,462,151,106,114,91,2.071260548462385
261635348002,26163534800,523,676,194,172,165,145,3.0385676898428855
261635348003,26163534800,347,503,126,149,127,101,2.270522373066168
261635350001,26163535000,376,511,160,117,160,74,2.2858377871731497
261635350002,26163535000,431,711,222,191,175,123,3.201722414731457
261635350003,26163535000,434,586,179,141,129,137,2.632205088676084
261635351001,26163535100,351,500,183,100,127,90,2.2343005573308163
261635351002,26163535100,468,767,256,195,184,132,3.4495151021099835
261635352001,26163535200,425,597,191,150,142,114,2.683839616904783
261635352002,26163535200,632,919,326,237,202,154,4.138245394562433
261635112001,26163511200,705,921,344,219,195,163,4.139375636320314
261635112002,26163511200,31,19,7,8,4,0,0.08720737326261002
261635113001,26163511300,325,625,242,157,142,84,2.812426809694036
261635113002,26163511300,497,886,340,218,182,146,3.9870467269282575
261635114001,26163511400,678,832,261,176,206,189,3.721736026566762
261635114002,26163511400,625,843,247,154,230,212,3.7545832026027073
261635119001,26163511900,526,627,252,143,184,48,2.808543165058271
261635119002,26163511900,708,693,247,129,213,104,3.086356830030136
261635091003,26163509100,365,948,413,232,231,72,4.262519751694851
261635091004,26163509100,335,958,405,255,207,91,4.321301374092302
261635091005,26163509100,322,480,142,108,119,111,2.150130800998052
261635106001,26163510600,468,856,370,236,165,85,3.8685516923617578
261635106002,26163510600,648,1487,545,416,333,193,6.712791322581307
261635106003,26163510600,520,1318,509,316,317,176,5.920512351095192
261635318001,26163531800,465,576,191,139,153,93,2.5845365773830524
261635316002,26163531600,570,791,214,187,250,140,3.539647928338536
261635317001,26163531700,476,590,161,108,216,105,2.619781230543242
261635317002,26163531700,529,657,208,138,157,154,2.9392713094523146
261635318002,26163531800,495,551,158,116,169,108,2.459335478954972
261635319001,26163531900,527,657,179,159,206,113,2.9422088324478715
261635321001,26163532100,472,821,260,206,192,163,3.6910319147207433
261635321002,26163532100,688,959,330,219,220,190,4.301904682414003
261635324001,26163532400,959,1255,442,296,338,179,5.628141398631323
261635326001,26163532600,451,625,256,129,125,115,2.8007856559106177
261635326002,26163532600,1039,1108,371,208,329,200,4.936080539668724
261635327001,26163532700,499,406,143,103,85,75,1.8278660221663534
261635330001,26163533000,443,535,175,92,137,131,2.381836726801103
261635330002,26163533000,351,596,147,131,211,107,2.658151179722422
261635331001,26163533100,383,426,139,58,102,127,1.889579049840599
261635331002,26163533100,594,629,172,149,142,166,2.8227757176973736
261635332001,26163533200,354,404,149,83,101,71,1.8067326984096395
261635332002,26163533200,349,435,143,81,108,103,1.940359916350778
261635333001,26163533300,309,435,106,84,151,94,1.9344017289834068
261635333002,26163533300,452,487,169,93,134,91,2.172098213274594
261635334001,26163533400,419,466,167,111,115,73,2.091951947282179
261635334002,26163533400,617,646,190,160,173,123,2.899531991553024
261635334003,26163533400,432,534,194,89,141,110,2.376157984271657
261635336001,26163533600,414,438,130,106,123,79,1.963907750658916
261635336002,26163533600,577,597,172,169,156,100,2.6909898049141994
261635160002,26163516000,573,800,208,167,239,186,3.5699382234627635
261635164001,26163516400,739,978,351,238,255,134,4.391174163202852
261635165001,26163516500,854,1062,511,225,239,87,4.761729093214224
261635165002,26163516500,1074,1379,454,279,283,363,6.17095204472019
261635166001,26163516600,499,744,419,120,140,65,3.322708666091874
261635166002,26163516600,1,16,6,3,1,6,0.0718218942971263
261635166003,26163516600,936,919,213,196,236,274,4.1073278318957325
261635167001,26163516700,629,820,204,107,214,295,3.629624720802624
261635167002,26163516700,465,694,226,169,200,99,3.1124661033688117
261635167003,26163516700,787,1090,269,226,298,297,4.86642788775654
261635168001,26163516800,405,474,121,97,164,92,2.110991188883208
261635169001,26163516900,988,1235,218,171,352,494,5.463759570284236
261635169002,26163516900,596,713,38,50,256,369,3.1179355306826935
261635170001,26163517000,1837,2073,1007,292,353,421,9.234157732112024
261635170002,26163517000,593,779,273,193,121,192,3.5104919331566937
261635171001,26163517100,1155,1479,541,223,324,391,6.578240213784905
261635054002,26163505400,653,1021,324,257,257,183,4.588129372651319
261635056001,26163505600,388,611,234,132,154,91,2.7360327069512005
261635056002,26163505600,962,1607,494,406,437,270,7.217085771097878
261635056003,26163505600,444,774,252,168,215,139,3.461689234151699
261635057001,26163505700,366,371,106,88,113,64,1.6611702660896834
261635057003,26163505700,504,737,231,172,184,150,3.3049457754773943
261635057004,26163505700,332,368,82,88,98,100,1.6490519454936687
261635057005,26163505700,433,823,192,192,236,203,3.6835100137219037
261635058001,26163505800,374,516,175,128,124,89,2.319094769258654
261635058002,26163505800,311,905,433,233,117,122,4.091117740733399
261635058003,26163505800,315,473,131,111,146,85,2.1168131144495907
261635058004,26163505800,199,327,118,83,83,43,1.4703373681196792
261635061001,26163506100,744,1379,507,319,336,217,6.186772076297039
261635062001,26163506200,778,1353,447,323,333,250,6.072708421514723
261635063001,26163506300,453,732,242,186,187,117,3.2903821718281656
261635063002,26163506300,373,629,202,146,157,124,2.820438856708894
261635064001,26163506400,339,543,153,140,153,97,2.4387595419946595
261635064002,26163506400,3,154,53,39,56,6,0.6899647485882238
261635065001,26163506500,539,805,228,212,219,146,3.6189191810151105
261635065002,26163506500,393,654,195,150,189,120,2.9274017076695142
261635066001,26163506600,797,1349,421,347,337,244,6.06600538394458
261635066002,26163506600,460,621,208,121,192,100,2.767780340519665
261635067001,26163506700,457,770,207,184,223,156,3.4494479612295894
261635068001,26163506800,790,1514,474,358,391,291,6.789878143398018
261635068002,26163506800,847,1385,446,343,354,242,6.220467065183649
261635068003,26163506800,0,7,4,0,3,0,0.030444412900423393
261635069001,26163506900,430,760,255,172,187,146,3.4063904933667057
261635069002,26163506900,611,1117,382,284,247,204,5.026903070659737
261635393001,26163539300,836,1552,417,392,381,362,6.973090425216935
261635393002,26163539300,750,1393,371,308,390,324,6.2291070268099995
261635394001,26163539400,458,958,252,204,243,259,4.28317391532456
261635394002,26163539400,421,783,258,182,165,178,3.5155851078809612
261635394003,26163539400,555,1078,328,244,255,251,4.831671607040419
261635395001,26163539500,299,519,145,141,120,113,2.3382763991668605
261635395002,26163539500,606,1079,259,240,308,272,4.823692471229343
261635395003,26163539500,450,781,115,135,135,396,3.4803012250866083
261635396001,26163539600,589,1050,329,224,291,206,4.693592027520495
261635396002,26163539600,728,1389,391,340,323,335,6.2383398204514124
261635397001,26163539700,1020,1675,424,338,449,464,7.47507421725661
261635401001,26163540100,492,785,200,169,202,214,3.5099800025408143
261635401002,26163540100,475,881,291,176,213,201,3.9368625490705464
261635401003,26163540100,430,695,254,193,142,106,3.1385537263996848
261635402001,26163540200,434,684,281,147,160,96,3.0650518276894942
261635402002,26163540200,392,542,207,122,141,72,2.428979947983277
261635402003,26163540200,650,1096,338,255,287,216,4.912328811904345
261635403001,26163540300,523,971,322,221,220,208,4.355205335978177
261635403002,26163540300,508,844,266,196,186,196,3.7877311353429364
261635403003,26163540300,577,955,295,197,236,227,4.269194594270081
261635404001,26163540400,610,1064,330,243,257,234,4.769590382359087
261635404002,26163540400,642,962,258,215,286,203,4.300771880524387
261635405001,26163540500,554,1094,319,265,267,243,4.910708592709333
261635405002,26163540500,386,677,184,194,162,137,3.0543953129160055
261635405003,26163540500,449,792,245,201,181,165,3.5621710066906953
261635406001,26163540600,600,980,334,238,219,189,4.404169887383885
261635406002,26163540600,771,1436,386,346,341,363,6.444800150128661
261635407001,26163540700,372,711,232,171,165,143,3.1931119868735443
261635407002,26163540700,431,850,247,227,184,192,3.829639960145297
261635407003,26163540700,510,839,297,209,207,126,3.7710280880130713
261635408001,26163540800,442,828,210,187,195,236,3.7092496553407277
261635408002,26163540800,478,799,254,227,194,124,3.6049984116897504
261635409001,26163540900,452,743,212,164,186,181,3.325984955197332
261635409002,26163540900,609,1158,343,256,265,294,5.18788239159889
261635409003,26163540900,378,740,174,180,191,195,3.3188425324617814
261635410001,26163541000,619,835,226,155,200,254,3.7232642699923812
261635410002,26163541000,433,778,235,211,187,145,3.504752021088547
261635410003,26163541000,680,1116,406,269,254,187,5.014774625170025
261635411001,26163541100,609,1041,384,270,217,170,4.690674022459126
261635411002,26163541100,629,1025,352,269,258,146,4.612984988159658
261635412001,26163541200,655,907,297,167,299,144,4.034554659706687
261635412002,26163541200,469,656,238,189,142,87,2.964818417993126
261635413001,26163541300,521,925,359,247,218,101,4.168974630136548
261635413002,26163541300,598,995,351,293,245,106,4.495728170286913
261635414001,26163541400,286,411,124,84,127,76,1.8332781416831772
261635414002,26163541400,437,817,264,157,226,170,3.643455894292934
261635414003,26163541400,462,797,215,207,229,146,3.5793066248903136
261635415001,26163541500,814,1352,373,289,378,312,6.041219464915878
261635415002,26163541500,980,1545,422,332,390,401,6.91012117325224
261635417001,26163541700,772,925,261,208,227,229,4.14319107162263
261635417002,26163541700,440,639,196,176,162,105,2.878956952765467
261635417003,26163541700,312,490,178,101,100,111,2.194490687341174
261635418001,26163541800,591,1025,285,252,238,250,4.603996148078171
261635463011,26163546301,720,1334,408,345,366,215,5.994651878369665
261635466001,26163546600,406,594,210,184,144,56,2.6889456592195042
261635466002,26163546600,467,813,315,165,210,123,3.634492926192224
261635467001,26163546700,740,1268,433,279,319,237,5.678502358519218
261635467002,26163546700,559,823,285,202,210,126,3.6963123329687386
261635470001,26163547000,512,856,235,228,238,155,3.848503388269207
261635470002,26163547000,710,1002,236,198,283,285,4.466725393719026
261635470003,26163547000,508,728,282,169,158,119,3.269711977516697
261635471002,26163547100,487,822,287,193,188,154,3.6903579968998805
261635471003,26163547100,1488,2121,784,550,493,294,9.55007816939682
261635471004,26163547100,208,368,149,85,88,46,1.651755553242927
261635472001,26163547200,360,536,200,147,131,58,2.4167791452702767
261635472002,26163547200,270,466,173,109,128,56,2.0893770464433334
261635472003,26163547200,188,474,134,93,114,133,2.116358443312097
261635472004,26163547200,919,1277,474,271,262,270,5.723410155535477
261635006003,26163500600,309,423,178,100,101,44,1.9001286230272707
261635006001,26163500600,469,813,314,202,202,95,3.654828752521438
261635006002,26163500600,185,312,107,61,93,51,1.3912688855995266
261635006004,26163500600,215,312,107,91,78,36,1.4089656384510623
261635007001,26163500700,357,627,225,172,162,68,2.82551965319371
261635007002,26163500700,331,559,188,170,132,69,2.5289301491584735
261635007003,26163500700,531,798,287,231,206,74,3.6024675864535
261635007004,26163500700,460,795,308,205,202,80,3.57722768686214
261635008001,26163500800,527,971,334,252,274,111,4.364431160159441
261635008002,26163500800,482,813,302,231,197,83,3.670109043311544
261635009001,26163500900,661,1154,427,289,302,136,5.186062479842649
261635009002,26163500900,879,1419,513,390,345,171,6.3981255170509375
261635010001,26163501000,496,863,322,212,236,93,3.874879308105995
261635010002,26163501000,667,1166,430,285,285,166,5.239054300805498
261635001001,26163500100,524,911,393,243,200,75,4.109466293191173
261635001002,26163500100,968,1841,694,458,472,217,8.273745153934188
261635002001,26163500200,312,608,211,160,149,88,2.7371669045345475
261635002002,26163500200,764,1480,538,394,347,201,6.668413068710159
261635011001,26163501100,384,721,294,185,155,87,3.2482930817039426
261635011002,26163501100,274,421,132,106,90,93,1.8940201452789869
261635011003,26163501100,285,464,155,117,112,80,2.0862067090997636
261635011004,26163501100,402,681,269,165,157,90,3.0611747693912417
261635012001,26163501200,766,1102,393,273,296,140,4.9491390598257
261635013001,26163501300,473,821,295,188,207,131,3.6810958433133356
261635013002,26163501300,386,631,216,163,152,100,2.8393554738419597
261635013003,26163501300,449,723,291,185,132,115,3.260100758237318
261635014001,26163501400,652,1237,381,344,295,217,5.577539588647076
261635014002,26163501400,412,709,238,185,189,97,3.1885896062014076
261635014003,26163501400,441,739,248,157,200,134,3.3044261126503365
261635015001,26163501500,571,1061,403,306,237,115,4.79516487080483
261635015002,26163501500,348,636,219,181,161,75,2.869540340130203
261635015003,26163501500,659,1196,405,336,303,152,5.393574984817583
261635016001,26163501600,422,679,192,170,197,120,3.0461803103486242
261635003001,26163500300,478,732,284,187,190,71,3.2923003557225456
261635003002,26163500300,439,732,314,188,164,66,3.297697849610512
261635004001,26163500400,151,251,71,68,79,33,1.1278917247728792
261635004002,26163500400,154,143,31,53,35,24,0.65098427219971855
261635004003,26163500400,101,157,41,45,32,39,0.7090317810350899
261635005001,26163500500,275,506,188,115,121,82,2.2694595490372422
261635005002,26163500500,369,570,214,121,147,88,2.550675510462006
261635018001,26163501800,1027,1748,535,425,471,317,7.842158238988261
261635016002,26163501600,485,788,292,168,216,112,3.5246466742765294
261635017001,26163501700,642,974,276,251,265,182,4.37580098968317
261635017002,26163501700,403,791,205,150,200,236,3.526874270292025
261635018002,26163501800,869,1454,444,334,381,295,6.51444150566884
261635019001,26163501900,502,747,265,211,190,81,3.3697393381919074
261635019002,26163501900,610,973,326,264,251,132,4.382275094435421
261635020001,26163502000,766,1289,437,357,346,149,5.807646810758645
261635026001,26163502600,283,383,127,102,78,76,1.7267964650821173
261635026002,26163502600,408,645,190,153,151,151,2.894533402749972
261635026003,26163502600,188,327,103,77,69,78,1.4684942148947053
261635026004,26163502600,411,629,185,138,153,153,2.8160893631224293
261635026005,26163502600,256,334,142,93,63,36,1.5100235817939995
261635027001,26163502700,426,607,198,132,161,116,2.7159814968274256
261635027002,26163502700,192,306,81,80,88,57,1.3744340009128893
261635027003,26163502700,284,405,124,115,103,63,1.826434429486335
261635027004,26163502700,376,534,103,102,208,121,2.3697741054203667
261635031001,26163503100,552,1048,365,249,285,149,4.70022824328095
261635031002,26163503100,570,1173,343,257,326,247,5.245751118715582
261635032001,26163503200,626,1089,406,306,259,118,4.915003933977996
261635032002,26163503200,576,979,377,266,239,97,4.413471268903181
261635033001,26163503300,704,1215,417,338,300,160,5.478836711198108
261635033002,26163503300,656,1093,388,306,247,152,4.933416247467481
261635034001,26163503400,494,673,203,178,190,102,3.025485321251147
261635035001,26163503500,431,775,285,208,176,106,3.4937096713738125
261635035002,26163503500,585,780,267,204,198,111,3.5097359663158576
261635035003,26163503500,223,382,129,98,99,56,1.7175210020206786
261635036001,26163503600,643,1080,377,273,238,192,4.860002686488251
261635366002,26163536600,900,1190,330,306,324,230,5.345516262163575
261635366001,26163536600,504,715,200,166,205,144,3.2011494471675244
261635367001,26163536700,575,805,226,180,205,194,3.604090875631658
261635368001,26163536800,735,1154,398,301,254,201,5.197679206846894
261635369001,26163536900,750,1339,428,328,349,234,6.010918368726994
261635369002,26163536900,634,1079,368,285,243,183,4.8607937956768055
261635370001,26163537000,491,791,263,186,177,165,3.551299863443842
261635370002,26163537000,374,677,216,153,154,154,3.0355170192145566
261635370003,26163537000,632,913,331,210,210,162,4.096990067930985
261635371001,26163537100,574,840,288,208,186,158,3.777396855799537
261635371002,26163537100,398,592,155,185,166,86,2.6752963676169164
261635372001,26163537200,350,450,122,131,126,71,2.0287775961905794
261635373001,26163537300,297,431,120,110,110,91,1.936666761830561
261635373002,26163537300,253,328,90,90,87,61,1.4766095316376227
261635373003,26163537300,519,752,223,185,200,144,3.374923106823969
261635375001,26163537500,396,687,224,154,169,140,3.0781519703033347
261635375002,26163537500,276,428,141,117,106,64,1.9286193416787634
261635375003,26163537500,498,873,278,206,198,191,3.9189298176500236
261635376001,26163537600,427,888,250,212,219,207,3.9837089722049828
261635376002,26163537600,411,722,244,183,184,111,3.2454825773432487
261635376003,26163537600,580,912,262,192,250,208,4.074741487264657
261635377001,26163537700,424,719,254,175,178,112,3.229421807437019
261635377002,26163537700,319,574,232,127,128,87,2.574730416143381
261635377003,26163537700,677,872,224,210,249,189,3.907273583033388
261635378001,26163537800,426,688,235,193,149,111,3.1060845038856595
261635378002,26163537800,308,437,145,99,117,76,1.9573507795830842
261635039001,26163503900,826,1265,433,287,298,247,5.672413456382967
261635040001,26163504000,221,345,119,101,72,53,1.5601795153486382
261635040002,26163504000,248,427,130,114,96,87,1.9235766923889195
261635041001,26163504100,335,476,155,103,122,96,2.1301383490716495
261635041002,26163504100,276,419,111,105,128,75,1.8785896042109596
261635042001,26163504200,875,1218,390,293,312,223,5.465725546647484
261635043001,26163504300,286,440,147,103,113,77,1.9732230904235368
261635043002,26163504300,373,587,200,143,131,113,2.638260380246292
261635043003,26163504300,253,375,81,96,109,89,1.6823461586545065
261635044001,26163504400,230,353,115,99,93,46,1.5911400345730504
261635044002,26163504400,198,323,91,92,81,59,1.4566033470106974
261635044003,26163504400,287,369,107,92,104,66,1.6557703875946994
261635051001,26163505100,689,931,296,206,267,162,4.16444715593525
261635051002,26163505100,234,304,86,69,80,69,1.3612539863338848
261635051003,26163505100,518,1018,310,220,290,198,4.550550618156805
261635052001,26163505200,502,708,228,152,196,132,3.1656176845074606
261635052002,26163505200,838,1496,503,354,352,287,6.715513846729037
261635054001,26163505400,247,396,135,95,94,72,1.7782766197582105
261635382002,26163538200,333,719,129,141,196,253,3.203838848398801
261635381001,26163538100,522,908,234,191,240,243,4.05685703388915
261635381002,26163538100,498,895,191,202,241,261,4.003609089142586
261635382001,26163538200,436,905,193,222,222,268,4.060569789426327
261635383001,26163538300,740,829,264,157,277,131,3.689030895446317
261635383002,26163538300,998,943,331,214,267,131,4.222727470331208
261635384001,26163538400,604,1271,311,298,314,348,5.696981534339123
261635384002,26163538400,774,1436,387,321,363,365,6.428786723488997
261635385001,26163538500,710,1053,363,245,206,239,4.730863630031475
261635385002,26163538500,479,893,262,215,222,194,4.007293960879768
261635385003,26163538500,663,1096,355,237,272,232,4.905751202007847
261635385004,26163538500,549,901,280,203,244,174,4.0338552558130525
261635386001,26163538600,515,963,250,248,273,192,4.323794701987969
261635386002,26163538600,414,823,269,175,189,190,3.6844501059248325
261635386003,26163538600,457,882,248,187,251,196,3.9398862781353756
261635386004,26163538600,572,951,330,218,230,173,4.264936500893967
261635387001,26163538700,924,1498,408,309,332,449,6.699497613386394
261635387002,26163538700,782,1413,407,341,346,319,6.34158796719593
261635388001,26163538800,678,1219,365,265,321,268,5.453203518689831
261635389001,26163538900,906,1466,414,282,363,407,6.541141249329305
261635389002,26163538900,712,1320,369,294,319,338,5.911506846677316
261635390001,26163539000,684,1200,348,299,320,233,5.387032931752714
261635390002,26163539000,533,861,260,225,209,167,3.8739329916160417
261635391001,26163539100,804,1362,391,298,351,322,6.0942416287808
261635392001,26163539200,1142,1745,396,409,480,460,7.8134388909020345
261635392002,26163539200,372,646,143,134,180,189,2.88299549833439
261635392003,26163539200,799,1517,437,325,402,353,6.782725498699861
261635240011,26163524001,355,697,267,215,158,57,3.157138037543803
261635240012,26163524001,409,694,247,203,135,109,3.1400428691930706
261635240013,26163524001,249,406,152,132,74,48,1.8448785258350773
261635241011,26163524101,597,898,308,273,188,129,4.066097999784586
261635241012,26163524101,922,1685,589,441,419,236,7.583819600633767
261635242001,26163524200,547,1070,430,347,182,111,4.864721716427071
261635242002,26163524200,319,670,258,198,140,74,3.0320159495138266
261635242003,26163524200,597,1144,434,356,255,99,5.183911197293651
261635243001,26163524300,306,635,248,169,165,53,2.859603845497166
261635243002,26163524300,0,4,1,1,1,1,0.017960803029957974
261635243003,26163524300,574,1137,423,385,216,113,5.173234895395172
261635245001,26163524600,15,44,13,6,15,10,0.1944988730971948
261635245002,26163524600,21,23,5,9,6,3,0.10490102944240064
261635245003,26163524600,3,4,2,2,0,0,0.018662712920490484
261635246001,26163524600,666,1016,328,266,280,142,4.567902772276055
261635247001,26163524700,707,1211,325,262,336,288,5.412779869654623
261635247002,26163524700,642,911,180,182,328,221,4.050863369941842
261635247003,26163524700,509,832,238,201,214,179,3.7326665679939923
261635248001,26163524800,623,1048,266,241,287,254,4.691516790671045
261635248002,26163524800,551,910,270,225,240,175,4.084889740527789
261635353002,26163535300,496,857,278,194,217,168,3.8399214274280906
261635353001,26163535300,600,1062,336,263,251,212,4.772328359216194
261635353003,26163535300,533,943,300,254,199,190,4.251601835913796
261635356001,26163535600,299,531,133,114,152,132,2.3718859855013834
261635356002,26163535600,382,725,232,146,158,189,3.2424229182412465
261635356003,26163535600,457,808,212,184,222,190,3.616379300467885
261635356004,26163535600,475,832,239,170,208,215,3.7173860580331706
261635357001,26163535700,621,897,284,223,214,176,4.031047311584094
261635358001,26163535800,392,619,194,164,163,98,2.7848084893798832
261635358002,26163535800,360,566,159,127,180,100,2.5293479125462737
261635358003,26163535800,444,687,218,164,174,131,3.082414073639753
261635358004,26163535800,279,486,142,112,143,89,2.1752089610853385
261635358005,26163535800,389,608,177,135,154,142,2.7219874633894556
261635361001,26163536100,498,737,269,180,168,120,3.312956892958221
261635361002,26163536100,772,1055,289,205,214,347,4.714498818227848
261635361003,26163536100,493,625,230,145,163,87,2.8027635553546673
261635362001,26163536200,272,489,162,104,113,110,2.189188643772564
261635362002,26163536200,606,1056,325,272,271,188,4.747484914349385
261635363001,26163536300,564,786,299,198,171,118,3.5380123918101605
261635363002,26163536300,302,431,160,84,117,70,1.9238808901627384
261635363003,26163536300,499,780,256,182,185,157,3.499591692781422
261635364001,26163536400,475,660,194,177,148,141,2.9733773740653686
261635364002,26163536400,454,559,143,126,172,118,2.498554263672718
261635364003,26163536400,313,390,125,79,126,60,1.73879789897727
261635365001,26163536500,482,691,213,166,166,146,3.1018775329929023
261635365002,26163536500,644,906,275,234,224,173,4.07446466939577
261635265002,26163526500,448,620,213,153,145,109,2.786761066285343
261635254001,26163525400,461,592,145,105,220,122,2.6257445097383623
261635254002,26163525400,383,720,268,183,175,94,3.2389903055748746
261635257001,26163525700,480,946,349,304,198,95,4.293052173756176
261635257002,26163525700,1,1,0,0,1,0,0.0042458157485797746
261635257003,26163525700,569,1070,410,340,216,104,4.8555269025314125
261635257004,26163525700,433,889,298,312,191,88,4.0461191560435585
261635258001,26163525800,288,506,198,164,110,34,2.2969348478073304
261635258002,26163525800,352,634,262,188,123,61,2.8715106963021833
261635259001,26163525900,310,560,187,195,91,87,2.551945692997781
261635259002,26163525900,275,497,177,166,121,33,2.2561028506266316
261635259003,26163525900,377,714,270,186,170,88,3.2150267698722423
261635260001,26163526000,532,1060,450,300,216,94,4.792575649003955
261635260002,26163526000,433,888,384,238,167,99,4.0101977652393215
261635261001,26163526100,326,744,333,205,130,76,3.3646629650216404
261635261002,26163526100,421,935,408,263,154,110,4.232079269632707
261635262001,26163526200,338,773,342,222,127,82,3.5014464312175
261635262002,26163526200,258,505,214,161,85,45,2.2951234106043117
261635262003,26163526200,279,591,254,197,88,52,2.6921820718214944
261635263001,26163526300,341,639,241,211,134,53,2.9029901993516134
261635263002,26163526300,333,600,226,180,125,69,2.716471763103656
261635263003,26163526300,432,865,360,294,131,80,3.942476061368975
261635264001,26163526400,248,506,201,144,97,64,2.2884360910193102
261635264002,26163526400,260,458,162,121,108,67,2.06284189551271
261635265001,26163526500,521,692,238,162,169,123,3.1048415465080623
261635279001,26163527900,248,290,80,80,72,58,1.3064578383430747
261635279002,26163527900,246,289,101,81,62,45,1.304878664916214
261635279003,26163527900,389,365,90,98,113,64,1.6393885539366893
261635279004,26163527900,569,442,150,109,110,73,1.9856590344137244
261635301001,26163530100,680,872,223,199,295,155,3.8951601526235495
261635434001,26163543400,571,997,323,243,233,198,4.478892904936689
261635433002,26163543300,314,607,181,148,138,140,2.7267541110300626
261635433003,26163543300,302,543,130,113,147,153,2.424528314714689
261635433004,26163543300,383,590,234,149,120,87,2.6575189040067175
261635434002,26163543400,402,654,203,166,171,114,2.9385630113228363
261635434003,26163543400,413,693,185,182,184,142,3.1152927743452055
261635435001,26163543500,542,822,319,212,183,108,3.702325311507248
261635437001,26163543700,266,438,150,118,126,44,1.9706083279973126
261635437002,26163543700,437,719,291,211,148,69,3.253906783653408
261635439001,26163543900,487,601,219,132,193,57,2.6861749520222253
261635440001,26163544000,1250,1985,694,473,568,250,8.899572508593845
261635441001,26163544100,381,639,176,174,141,148,2.8799468889874404
261635441002,26163544100,678,981,454,256,209,62,4.424482656093059
261635442001,26163544200,406,525,206,135,118,66,2.3643576550309384
261635442002,26163544200,697,963,234,176,248,305,4.289039445089418
261635443001,26163544300,582,950,344,248,237,121,4.275821239623732
261635443002,26163544300,738,845,217,242,259,127,3.803907121203621
261635448001,26163544800,386,557,184,156,146,71,2.5107672549741338
261635448002,26163544800,500,732,239,216,188,89,3.3057445517412365
261635451001,26163545100,276,383,121,88,92,82,1.7173146113549664
261635451002,26163545100,254,370,125,108,89,48,1.6713329827768755
261635452001,26163545200,309,483,138,148,100,97,2.18656710648746
261635452002,26163545200,337,584,199,167,104,114,2.6412910055598817
261635452003,26163545200,228,303,123,78,58,44,1.3661862370618016
261635452004,26163545200,360,530,160,144,134,92,2.386776538747973
261635214002,26163521400,518,637,320,141,115,61,2.8637782651174755
261635211002,26163521100,336,592,173,152,142,125,2.6621874405843156
261635214001,26163521400,460,574,284,148,77,65,2.594941404389839
261635215001,26163521500,269,396,178,82,95,41,1.7732197652340573
261635215002,26163521500,436,635,235,142,159,99,2.845803724142576
261635218001,26163521800,901,1179,282,207,249,441,5.25398570681209
261635219001,26163521900,430,669,312,149,110,98,3.0085665158197217
261635219003,26163521900,1,143,26,21,71,25,0.6291358814109931
261635219004,26163521900,616,969,542,162,156,109,4.334004500036653
261635219005,26163521900,483,628,245,104,151,128,2.796854534333683
261635220001,26163522000,584,807,319,188,208,92,3.620621850965834
261635220002,26163522000,331,534,144,112,164,114,2.38281534516118
261635223001,26163522300,628,674,187,115,258,114,2.986985751455255
261635223002,26163522300,375,276,63,76,89,48,1.2399273336388972
261635223003,26163522300,2,32,7,1,21,3,0.13820482812584547
261635224001,26163522400,519,614,262,141,168,43,2.7531501430188916
261635225001,26163522500,1030,687,100,104,259,224,3.034353689026765
261635225002,26163522500,324,494,163,143,124,64,2.2299523274648916
261635228001,26163522800,326,504,168,152,122,62,2.2789686768129886
261635228002,26163522800,322,409,125,90,126,68,1.82781771105865
261635231001,26163523100,575,948,411,266,194,77,4.285246151859246
261635232001,26163523200,347,712,308,179,154,71,3.206455862329185
261635232002,26163523200,422,804,300,225,162,117,3.6322677669229853
261635232003,26163523200,388,736,272,254,149,61,3.349873912975866
261635233001,26163523300,372,639,236,218,124,61,2.9077996866925435
261635233002,26163523300,355,738,288,206,161,83,3.332669920406923
261635233003,26163523300,330,646,277,165,136,68,2.9109866919155087
261635234001,26163523400,830,1027,359,272,231,165,4.62733798358495
261635234002,26163523400,430,642,268,175,142,57,2.8974471251172282
261635238001,26163523800,248,449,188,128,94,39,2.0300863941223364
261635238002,26163523800,438,950,400,284,186,80,4.304019433621961
261635238003,26163523800,201,408,149,124,95,40,1.8464544653725823
261635238004,26163523800,383,737,326,193,147,71,3.325081108187244
261635173002,26163517300,935,1058,495,281,188,94,4.779708485774006
261635172001,26163517200,295,889,285,253,278,73,4.002830737727402
261635172002,26163517200,646,761,387,164,139,71,3.418911972081885
261635173001,26163517300,398,625,204,147,114,160,2.809437586954666
261635175001,26163517500,921,1246,324,166,331,425,5.516838427522144
261635175002,26163517500,1205,1282,456,178,324,324,5.687556251511121
261635180001,26163518000,397,423,197,79,91,56,1.8913852062767593
261635180002,26163518000,1129,1593,681,308,310,294,7.130222680527643
261635207004,26163520700,661,387,272,39,56,20,1.720791949678038
261635208001,26163520800,1079,1185,399,233,293,260,5.292813157734973
261635211001,26163521100,505,667,260,182,139,86,3.0107533457009965
261635189001,26163518900,1016,1462,462,302,340,358,6.5392654656641485
261635190001,26163519000,288,386,87,76,128,95,1.7177865903548617
261635190002,26163519000,348,493,165,96,142,90,2.1986879879271375
261635191001,26163519100,491,616,147,133,175,161,2.751827107207878
261635191002,26163519100,221,245,63,40,88,54,1.0854171611404428
261635192001,26163519200,245,339,62,89,108,80,1.5202072733299614
261635192002,26163519200,293,480,126,116,146,92,2.1498878983620378
261635192003,26163519200,294,345,88,85,96,76,1.5471997776316218
261635193001,26163519300,362,469,137,89,136,107,2.089453752486111
261635193002,26163519300,337,588,117,106,191,174,2.611520511192248
261635202001,26163520200,648,956,749,90,56,61,4.2622118350408496
261635202002,26163520200,415,2594,2492,47,40,15,11.497543602317348
261635203001,26163520300,575,584,291,86,115,92,2.601541492014556
261635203002,26163520300,467,526,317,125,60,24,2.3763099935774683
261635203003,26163520300,634,1395,1201,101,56,37,6.211842579825275
261635204001,26163520400,624,591,415,97,45,34,2.6529505027957825
261635204002,26163520400,266,480,235,103,118,24,2.151672980049439
261635204003,26163520400,489,512,256,133,65,58,2.315788214377549
261635207001,26163520700,971,1102,589,200,161,152,4.938161922300627
261635207002,26163520700,1250,1194,646,177,165,206,5.331379364144167
261635207003,26163520700,421,384,269,50,30,35,1.7168257438032615
261635153002,26163515300,917,1114,148,131,431,404,4.898595739700132
261635152001,26163515200,347,610,147,128,159,176,2.7251254423147255
261635152002,26163515200,317,510,111,77,157,165,2.2589158135176612
261635153001,26163515300,989,1325,555,287,282,201,5.942895839101438
261635154001,26163515400,263,468,90,161,107,110,2.124551425151503
261635154002,26163515400,462,660,240,141,130,149,2.9590857005121918
261635157001,26163515700,1429,1663,551,278,358,476,7.409227810731212
261635157002,26163515700,1512,1623,327,186,486,624,7.158654927129965
261635157003,26163515700,965,1131,170,114,324,523,4.9799553776259184
261635160001,26163516000,507,922,329,219,226,148,4.138840341004227
261635418002,26163541800,676,941,302,229,272,138,4.219835689524191
261635421001,26163542100,943,1771,561,448,351,411,7.97262306917184
261635421002,26163542100,1014,1648,424,436,453,335,7.407221378889052
261635422001,26163542200,858,1479,468,368,331,312,6.649671147710739
261635422002,26163542200,779,1276,343,297,288,348,5.723341435066947
261635423001,26163542300,367,667,217,161,149,140,2.9965807707620615
261635423002,26163542300,679,1073,361,274,280,158,4.823360252437919
261635424001,26163542400,430,698,223,196,142,137,3.151931143170728
261635424002,26163542400,682,1225,421,314,248,242,5.517508224141765
261635425001,26163542500,453,892,257,221,203,211,4.0084391688271035
261635425002,26163542500,579,1080,314,221,290,255,4.823029155662642
261635426001,26163542600,696,1186,378,296,266,246,5.332834479274543
261635426002,26163542600,680,1157,366,289,255,247,5.203060934571226
261635429001,26163542900,274,538,147,124,124,143,2.4122436138307486
261635429002,26163542900,536,1074,301,240,268,265,4.8090975649124035
261635429003,26163542900,552,1070,269,245,291,265,4.789618677125137
261635430001,26163543000,363,695,189,166,154,186,3.1200311829271588
261635430002,26163543000,346,718,160,145,189,224,3.2038402883559858
261635431001,26163543100,546,1037,281,249,271,236,4.6503164254910345
261635431002,26163543100,420,878,206,178,218,276,3.9204001493295286
261635432001,26163543200,478,926,266,215,213,232,4.153366556000287
261635432002,26163543200,336,612,225,169,133,85,2.7621988753044344
261635432003,26163543200,373,753,248,203,178,124,3.392794150112666
261635433001,26163543300,413,776,208,190,187,191,3.483880104713487
261635071001,26163507100,756,1226,372,286,334,234,5.493339781376603
261635071002,26163507100,304,464,141,103,138,82,2.07472618976167
261635072001,26163507200,519,750,231,188,185,146,3.3701309086866296
261635073001,26163507300,881,1384,431,300,356,297,6.192758823635364
261635073002,26163507300,205,303,86,62,82,73,1.352947835789557
261635074001,26163507400,425,661,201,163,172,125,2.9674614381368136
261635074002,26163507400,781,1230,389,275,347,219,5.504084762311237
261635075001,26163507500,470,762,254,193,196,119,3.4248149774977215
261635075002,26163507500,602,919,220,184,223,292,4.103169391281394
261635080001,26163508000,626,835,270,210,270,85,3.744168213384602
261635081001,26163508100,460,654,181,171,183,119,2.9385657185435674
261635081002,26163508100,219,309,96,81,76,56,1.3904063173604384
261635090001,26163509000,370,602,207,155,141,99,2.7091902766908165
261635090002,26163509000,235,298,84,64,96,54,1.3300560179339538
261635090003,26163509000,210,273,71,78,80,44,1.2294036300196638
261635090004,26163509000,275,338,94,94,84,66,1.523115664338529
261635091001,26163509100,228,469,193,99,140,37,2.0965265276324425
261635091002,26163509100,190,359,140,77,81,61,1.6087117122242298
261635459002,26163545900,811,1248,524,333,283,108,5.627847296803266
261635460001,26163546000,771,1114,414,306,242,152,5.0272824454800284
261635460002,26163546000,693,894,334,248,208,104,4.033903444818948
261635461001,26163546100,817,1333,532,327,330,144,5.991197587577225
261635461002,26163546100,809,1312,489,360,316,147,5.916409475309602
261635462011,26163546201,871,1526,566,436,349,175,6.892872890396767
261635462012,26163546201,374,688,207,209,191,81,3.1074249218544203
261635128001,26163512800,648,957,301,224,302,130,4.283191298765979
261635128002,26163512800,339,443,120,103,131,89,1.9827293255824512
261635128003,26163512800,370,419,108,100,131,80,1.8754419060884795
261635132001,26163513200,353,475,134,118,131,92,2.1314238235358576
261635132002,26163513200,562,708,192,184,207,125,3.1792212325921256
261635133001,26163513300,525,758,156,160,215,227,3.3832446503263878
261635133002,26163513300,555,911,248,194,240,229,4.072174427324406
261635137001,26163513700,519,894,297,166,234,197,3.9860044545224738
261635137002,26163513700,393,677,158,178,185,156,3.0417689432342323
261635137003,26163513700,567,736,125,113,190,308,3.2644274621108726
261635138001,26163513800,837,982,331,196,272,183,4.383622280934684
261635138002,26163513800,799,963,387,164,262,150,4.287454144026701
261635139001,26163513900,453,612,169,116,182,145,2.72541957961881
261635139002,26163513900,452,553,211,122,143,77,2.4770966992407857
261635141001,26163514100,545,678,184,133,205,156,3.021072857865434
261635141002,26163514100,476,626,205,152,168,101,2.809027235577672
261635142001,26163514200,654,854,188,171,232,263,3.808840718362819
261635142002,26163514200,454,631,180,115,191,145,2.8074214618598345
261635143001,26163514300,605,883,219,194,231,239,3.949422892802057
261635143002,26163514300,435,843,171,137,287,248,3.7345946066017817
261635145001,26163514500,467,654,206,134,186,128,2.919953621798032
261639836002,26163985100,3,9,3,0,3,3,0.039168563950151246
261639841001,26163985100,2,3,2,0,1,0,0.013099298575921809
261639850001,26163985100,7,10,4,2,1,3,0.044912903959811165
261639850002,26163985100,1,6,4,0,2,0,0.026198597151843618
261639851001,26163985100,127,136,81,33,16,6,0.614653187948376
261639852001,26163985300,1,1,0,0,1,0,0.0042458157485797746
261639853001,26163985300,246,208,120,50,31,7,0.9387454259231371
261635302001,26163530200,829,1226,394,255,329,248,5.4788267787865275
261635301002,26163530100,709,995,312,208,279,196,4.445077485548612
261635302002,26163530200,709,918,279,197,268,174,4.1019004020858505
261635302003,26163530200,45,759,691,30,30,8,3.3684602872703566
261635303001,26163530300,451,604,173,134,188,109,2.6990738010425224
261635303002,26163530300,329,422,130,131,87,74,1.911755605768735
261635304001,26163530400,438,401,132,86,130,53,1.7904152414453753
261635304002,26163530400,344,500,197,98,115,90,2.2355159180461044
261635305001,26163530500,441,698,248,166,166,118,3.134071819479665
261635305002,26163530500,736,1015,323,221,270,201,4.541237449072907
261635308001,26163530800,545,648,173,141,198,136,2.894222296024929
261635308002,26163530800,466,444,160,90,112,82,1.9846830715528803
261635309001,26163530900,528,516,151,113,124,128,2.310245351656122
261635309002,26163530900,311,266,76,52,91,47,1.1838722115748654
261635309003,26163530900,434,499,146,104,145,104,2.227925100181583
261635311001,26163531100,774,785,231,159,282,113,3.4950813828508274
261635312001,26163531200,533,780,268,184,183,145,3.501426618487867
261635312002,26163531200,601,1013,325,246,250,192,4.5483373157028115
261635313001,26163531300,667,893,253,190,277,173,3.9863015309204695
261635314001,26163531400,464,529,157,116,155,101,2.3647819013132536
261635314002,26163531400,427,625,204,137,150,134,2.799266402088339
261635315011,26163531501,475,517,190,139,121,67,2.3302693306653715
261635315012,26163531501,385,465,135,120,123,87,2.089775114948374
261635315021,26163531502,625,580,185,140,165,90,2.600679640467159
261635316001,26163531600,445,499,180,107,137,75,2.232056333584626
261635070001,26163507000,445,669,209,163,174,123,3.002599739301076
261635069003,26163506900,418,674,213,177,145,139,3.035980752037113
261635070002,26163507000,738,1217,425,304,275,213,5.473680770729504
261635455003,26163545500,545,934,340,259,215,120,4.214273462191477
261635455001,26163545500,440,835,308,231,196,100,3.766945400004251
261635455002,26163545500,558,821,345,226,165,85,3.70883700655424
261635456001,26163545600,690,1392,556,387,312,137,6.284606185077415
261635456002,26163545600,548,1025,429,294,192,110,4.63842490420963
261635456003,26163545600,446,909,399,219,202,89,4.088178443548439
261635457001,26163545700,607,1125,431,308,255,131,5.07548563709333
261635457002,26163545700,499,862,320,276,173,93,3.9124347960988777
261635458001,26163545800,816,1577,635,501,312,129,7.158375825497824
261635458002,26163545800,625,1141,441,363,225,112,5.1788434207327025
261635458003,26163545800,418,790,329,220,161,80,3.5696800365560746
261635459001,26163545900,826,1282,494,348,309,131,5.779828998440881
