Tract,BlockGroup,TotAdult,Age18to34,Age35to49,Age50to64,Age65plus,MOS_bg,pi_i,pij_given_i,pi_ij,rate_Age18to34,rate_Age35to49,rate_Age50to64,rate_Age65plus,exp_workload
26163500200,261635002002,1480,538,394,347,201,6.668413068710159,0.17462555960526868,0.708984782190918,0.12380686434170858,0.0357552179130646,0.039615049396917304,0.03429386384313286,0.035407009493706905,53.86141636141636
26163500900,261635009002,1419,513,390,345,171,6.3981255170509375,0.21507395793609174,0.5523154077581146,0.1187886607756241,0.03726569004791241,0.04128857935218571,0.03574260136326946,0.03690277163249657,53.86141636141637
26163501400,261635014002,709,238,185,189,97,3.1885896062014076,0.22410393418739663,0.26416262756532,0.059199884102668236,0.07477618378431077,0.08284838933245758,0.07172000102595485,0.07404796289010608,53.861416361416374
26163502000,261635020001,1289,437,357,346,149,5.807646810758645,0.10782573506401429,1,0.10782573506401429,0.04105459064149145,0.045486497668320455,0.039376645529558475,0.04065477335749645,53.86141636141637
26163503400,261635034001,673,203,178,190,102,3.025485321251147,0.0561716628643738,1,0.0561716628643738,0.07880737702850923,0.08731475616836185,0.07558643508260163,0.07803989765653213,53.861416361416374
26163505100,261635051003,1018,310,220,290,198,4.550550618156805,0.18707736337294065,0.45161144504436695,0.08448627840794386,0.052395980709392824,0.05805220846505019,0.050254500832416366,0.05188571332218589,53.86141636141637
26163506100,261635061001,1379,507,319,336,217,6.186772076297039,0.11486463769877642,1,0.11486463769877642,0.03853876617170728,0.04269908602712173,0.036963645501708685,0.038163449682648974,53.861416361416374
26163506900,261635069003,674,213,177,145,139,3.035980752037113,0.21294045145607368,0.264705566226191,0.056366522775140725,0.078534938749554,0.08701290775270783,0.07532513164804097,0.07777011256522404,53.86141636141637
26163508000,261635080001,835,270,210,270,85,3.744168213384602,0.06951484877896263,1,0.06951484877896263,0.06368051562259441,0.07055492650454438,0.06107782471167069,0.06306035182600558,53.861416361416374
26163511400,261635114002,843,247,154,230,212,3.7545832026027073,0.13880658427180037,0.5021967478266438,0.06970821519822311,0.06350386968140101,0.07035921135876744,0.060908398479380406,0.06288542618208791,53.86141636141637
26163513900,261635139001,612,169,116,182,145,2.72541957961881,0.09659078112521415,0.5238656514528444,0.050600592478499413,0.08748398381999134,0.09692801618198907,0.08390841965701994,0.08663200580103084,53.86141636141637
26163515700,261635157001,1663,551,278,358,476,7.409227810731212,0.36292840842355184,0.3790305489005012,0.13756095385636413,0.03218021749320851,0.03565412211153636,0.030864977521260085,0.031866824838319874,53.86141636141637
26163516700,261635167001,820,204,107,214,295,3.629624720802624,0.2155256860316013,0.3126690675075636,0.06738821527542871,0.06569014174923711,0.07278149490275283,0.06300531526508459,0.06505040685847234,53.86141636141637
26163517500,261635175002,1282,456,178,324,324,5.687556251511121,0.20802265213098878,0.507618342127328,0.10559611379966241,0.041921442507528814,0.046446927543936804,0.04020806823094799,0.04151318323560287,53.86141636141637
26163520300,261635203003,1395,1201,101,56,37,6.211842579825275,0.2077497180975181,0.5551396261157401,0.1153301008303066,0.03838322677081847,0.042526755905561334,0.03681446316280384,0.038009425029315695,53.861416361416374
26163521800,261635218001,1179,282,207,249,441,5.25398570681209,0.09754637107121793,1,0.09754637107121793,0.04538089285186308,0.05027983094310499,0.043526127132704234,0.04493894312001109,53.86141636141636
26163523300,261635233001,639,236,218,124,61,2.9077996866925435,0.16990745727159567,0.31774174422988033,0.053986691831140673,0.0819969007828255,0.09084859398154747,0.07864559958331616,0.08119835967804916,53.86141636141637
26163524200,261635242003,1144,434,356,255,99,5.183911197293651,0.24285749887195449,0.3963038264763716,0.09624535609143665,0.045994337736830114,0.05095949815921153,0.0441144998678803,0.045546413865084005,53.86141636141637
26163525700,261635257001,946,349,304,198,95,4.293052173756176,0.24505378691702567,0.32525724467941497,0.07970551953088824,0.055538705973248496,0.06153419581781336,0.05326877954712277,0.05499783260849547,53.86141636141637
26163526400,261635264002,458,162,121,108,67,2.06284189551271,0.08078654963943835,0.47407724854573136,0.03829906517256808,0.11558353692772888,0.12806095982956742,0.11085951391891583,0.11445790651498092,53.86141636141636
26163530800,261635308001,648,173,141,198,136,2.894222296024929,0.09058256720988893,0.593211402553151,0.053734611741443276,0.08238156506966729,0.09127478337749853,0.07901454222856426,0.08157927784471261,53.861416361416374
26163531800,261635318002,551,158,116,169,108,2.459335478954972,0.09364536614657618,0.4875887912074658,0.045660430881589616,0.09694918177953264,0.10741499700896989,0.09298676483343693,0.09600502528110062,53.861416361416374
26163533600,261635336001,438,130,106,123,79,1.963907750658916,0.0864236009751064,0.421901390355543,0.036462237410930055,0.1214061924884522,0.13451218013033944,0.11644419130755353,0.12022385713003188,53.861416361416374
26163534700,261635347003,887,270,205,250,162,3.9722683964073733,0.18424636638154826,0.4002781498599035,0.07374979465361606,0.060023779516435144,0.06650344003817162,0.05757054332857856,0.05943922748153743,53.861416361416374
26163535600,261635356001,531,133,114,152,132,2.3718859855013834,0.2403960968155869,0.1831844595159416,0.044036829064905254,0.10052361869985023,0.11137529996415917,0.09641511068660116,0.09954465192468757,53.86141636141636
26163536500,261635365001,691,213,166,166,146,3.1018775329929023,0.13323716098059102,0.43223656920379727,0.05758997335270471,0.07686652998708352,0.08516439166478412,0.07372491253949104,0.07611795189217745,53.86141636141637
26163537200,261635372001,450,122,131,126,71,2.0287775961905794,0.03766662173488432,1,0.03766662173488432,0.11752424851977804,0.13021117426179735,0.112720906548611,0.1163797181490564,53.86141636141636
26163538200,261635382001,905,193,222,222,268,4.060569789426327,0.1348722170445742,0.5589677001763506,0.07538921297909122,0.058718498824211755,0.06505725226146733,0.056318610856931586,0.05814665849275723,53.86141636141637
26163538600,261635386001,963,250,248,273,192,4.323794701987969,0.3010145050429156,0.26668578779442786,0.08027629041491972,0.0551438213050299,0.06109668273439152,0.05289003423843649,0.05460679359341996,53.86141636141637
26163539200,261635392003,1517,437,325,402,353,6.782725498699861,0.3245209849412256,0.38804642455276944,0.12592920789878573,0.03515261858256874,0.038947398529785536,0.033715893392995085,0.034810278681783303,53.86141636141637
26163539600,261635396001,1050,329,224,291,206,4.693592027520495,0.2029640619663132,0.42934698942449506,0.08714200896660323,0.050799166397088064,0.05628301555973877,0.04872295003213621,0.050304449864278025,53.86141636141636
26163540400,261635404002,962,258,215,286,203,4.300771880524387,0.16840185193089408,0.4741565723481003,0.07984884488862505,0.055439016304437906,0.06142374449392839,0.05317316430189983,0.05489911378489375,53.86141636141637
26163540900,261635409002,1158,343,256,265,294,5.18788239159889,0.21968805647180062,0.43843569601016935,0.09631908594433529,0.045959130220871475,0.05092048993704839,0.044080731320825815,0.045511549223653816,53.86141636141637
26163541500,261635415001,1352,373,289,378,312,6.041219464915878,0.2404567408933905,0.46645514419659095,0.11216228374646878,0.03946729030301494,0.04372784578513575,0.03785421985680143,0.039082931219925066,53.86141636141637
26163542300,261635423001,667,217,161,149,140,2.9965807707620615,0.14518632355909966,0.3831973619585992,0.05563501618031461,0.07956754068919164,0.08815698068062447,0.07631553003991173,0.07879265833095997,53.86141636141636
26163543100,261635431001,1037,281,249,271,236,4.6503164254910345,0.15912534711879947,0.5425819865695878,0.08633854695329345,0.05127190078917765,0.056806782366020984,0.04917636326305831,0.05077258045012468,53.86141636141637
26163544000,261635440001,1985,694,473,568,250,8.899572508593845,0.16523094099265195,1,0.16523094099265195,0.026791237688756377,0.02968339354063438,0.025696251096025607,0.02653032655262736,53.861416361416374
26163545500,261635455001,835,308,231,196,100,3.766945400004251,0.2170395184246239,0.3222350211408404,0.06993773380795651,0.06329546544682875,0.07012830956235887,0.060708511949192544,0.06267905152846477,53.86141636141637
26163545900,261635459002,1248,524,333,283,108,5.627847296803266,0.21179681237302247,0.49333862139386897,0.10448754743172284,0.042366210352134656,0.046939708770359787,0.040634657937149814,0.041953619631061125,53.86141636141637
26163546700,261635467001,1268,433,279,319,237,5.678502358519218,0.17405436627551457,0.6057188910278005,0.10542801771895129,0.041988282711259636,0.04652098325180396,0.040272176603929115,0.04157937250436394,53.861416361416374
